customer_id,name,email,phone,city,country,created_at
1,Megan Beasley,crystalalexander@example.net,583-715-0680,New Patrickview,Guatemala,2024-08-27
2,Blake Lewis,judyvelazquez@example.net,687-737-9798x3540,Johnsonfort,Mayotte,2024-10-30
3,Brittany Salazar,lwheeler@example.com,261-409-8649x32390,Lake Sandra,Micronesia,2024-09-24
4,Ian White,qbentley@example.net,+1-614-683-4539,Meganchester,El Salvador,2024-02-06
5,Timothy Baird,lisa68@example.com,512.989.4055,Mcmillanland,Finland,2023-11-30
6,Cody Carrillo,keithdunn@example.org,581.664.5584x85692,East Aliciaborough,Burundi,2024-05-25
7,Mark Diaz,johnmata@example.org,518.470.4005,South Timothy,Saint Pierre and Miquelon,2025-02-16
8,Tina Lawson,epowell@example.org,788-462-3000x0032,South Joseph,Ecuador,2024-11-16
9,Eric Diaz,paula83@example.com,493.325.8455,West Scott,Finland,2025-08-24
10,Matthew Ramsey,caitlyngregory@example.org,6247857035,Julieside,Chile,2025-08-22
11,Lori Jennings,michael36@example.org,001-233-822-3688x48190,East Joshuaberg,Andorra,2025-06-06
12,Crystal Howard,vmartin@example.com,(454)659-5457,Barbaraside,Denmark,2024-12-13
13,Christine Small,denisevaughan@example.net,(862)975-8793,North Jennifer,Iraq,2024-03-19
14,Andrea Cervantes,christopherreyes@example.org,240.673.2168x0797,Port Christinechester,Liberia,2023-11-30
15,David Robinson,bushjo@example.org,001-836-748-6397x3641,Lake Brianburgh,Norfolk Island,2023-10-27
16,Brittany Hebert,joshuacarey@example.org,(392)589-1051x93398,West Michelle,Oman,2025-03-05
17,Jason Love MD,jon34@example.net,(373)759-9706,Delgadoland,Estonia,2024-08-05
18,Ryan Brooks,michellejohnson@example.org,(343)858-0420x428,Mariaborough,Sudan,2023-12-31
19,Nicole Brewer,moraaustin@example.net,895.664.9222x6539,Port Jacob,Israel,2024-11-23
20,Samantha Powell,rwilson@example.com,880.691.7690x247,West Michael,United States Minor Outlying Islands,2024-03-12
21,Kevin Lane,samanthabailey@example.com,+1-682-326-6972x045,Wellsport,Denmark,2024-03-01
22,Meghan Hoffman,jason47@example.net,843-712-7559x55670,Dannyfurt,Turkmenistan,2024-03-16
23,Darrell Jordan,gloria77@example.com,(202)439-7420,Port Courtney,Norway,2024-09-16
24,Sara Fields,wshelton@example.net,4396199485,Richardhaven,Bermuda,2025-03-03
25,Ronald Mayer,shelly31@example.com,+1-215-463-2669,New Josechester,Russian Federation,2025-09-21
26,Trevor Ortiz,riverssteven@example.net,001-916-597-2907,Lake Marytown,Malta,2025-08-31
27,Wanda Mckenzie,robert95@example.net,251.316.4969,East Joshua,Israel,2025-07-26
28,Sheila Williams,zachary58@example.com,+1-328-410-2049x00314,South Aimeehaven,Niue,2025-02-08
29,Daniel Lopez,wmoss@example.org,(715)498-6528x6712,Michaelport,Moldova,2023-12-21
30,Brittany Sanford,daychristine@example.net,(608)204-9335x2936,East Brandy,Belize,2025-07-13
31,Joel Chambers PhD,rjohnson@example.com,+1-285-700-1773,Branchhaven,Reunion,2025-02-20
32,Robert Warner,williamsmark@example.com,579.395.6884,Sandraborough,New Zealand,2025-05-27
33,James Smith,adamfoster@example.org,001-432-626-0584x664,Port Christina,Iraq,2024-07-12
34,Jacob Schneider,kristinperez@example.net,304.315.2645x41515,Douglasberg,Bosnia and Herzegovina,2025-04-24
35,Anna Marshall,garciajoshua@example.net,+1-359-228-3118,Port Joshuaside,Mayotte,2024-06-05
36,Donna Roach,joshuareyes@example.com,(913)598-6253x7259,West Angela,Saint Vincent and the Grenadines,2024-09-12
37,Casey Anthony,rebecca95@example.com,001-962-507-1713x5629,Jasonstad,Saint Pierre and Miquelon,2024-12-07
38,Patricia Woods,vernonvargas@example.net,+1-433-395-2393,Boonemouth,Swaziland,2025-01-18
39,Natalie Gordon,kmckay@example.net,(411)445-9945,Reedmouth,Dominican Republic,2024-10-31
40,Lisa Cox,esavage@example.net,717-220-6840,West Randall,Belize,2024-05-15
41,Alan Diaz,rodriguezkarla@example.net,9554878733,North Matthewmouth,United States of America,2025-04-26
42,Elizabeth Harris,bmendoza@example.com,+1-380-448-8185x0752,South Randy,Azerbaijan,2025-10-13
43,Donna Floyd,collinswilliam@example.com,236-209-6005,West Robertshire,Senegal,2025-02-22
44,Andrew King,zstafford@example.com,4999284959,Simsfurt,Sao Tome and Principe,2023-10-17
45,Jeffrey Soto,paula84@example.net,001-467-495-6434x9977,West Antonio,Hungary,2024-07-09
46,Chelsea Smith,fglenn@example.com,949.600.6053x34155,Adamston,Colombia,2024-02-16
47,Samantha Weiss,susanwall@example.com,692-797-5344,Davidborough,Palestinian Territory,2025-07-18
48,Kathleen Perez,philip45@example.com,+1-209-377-7711,Johnsonside,Sao Tome and Principe,2023-10-19
49,Robert Nelson,douglasarmstrong@example.com,3838860026,Port Scott,Netherlands Antilles,2024-10-03
50,Jennifer Hernandez,brian28@example.com,001-673-849-6452x2835,Port Caroline,Israel,2025-01-06
51,Melanie Morrison,andre31@example.net,410.825.2830,Hurstview,Solomon Islands,2024-01-03
52,Micheal Lee,yjennings@example.org,431-526-0680x059,New Kaylachester,Korea,2025-09-15
53,James Wheeler,foconnell@example.net,487-207-6259x5786,West Deanna,Jordan,2025-08-29
54,Rebecca Williams,anthony35@example.org,7438074698,North Joseph,Algeria,2025-01-13
55,Sean Garner,jacquelinegordon@example.net,695.441.9275x9497,Georgeport,Lebanon,2024-05-18
56,Christopher Dunlap,charles34@example.com,+1-675-694-2052x06784,Seanhaven,Seychelles,2024-02-19
57,Charles Quinn,troy39@example.com,+1-505-561-0621x092,Davidburgh,Central African Republic,2025-09-25
58,Sandra Sanchez,jessicalittle@example.net,334.638.3850x01083,Lanehaven,Sweden,2025-04-15
59,Wendy Bowers,jonesjeffrey@example.com,583-358-1362,West Kristin,Ghana,2024-11-08
60,Jasmine Williams,wrodriguez@example.org,774.615.5896,Jasonview,Dominica,2024-05-19
61,Mary Thompson,ianhowell@example.com,001-476-293-7080x16547,Melindashire,Lesotho,2025-01-26
62,Joseph Frazier,manuel89@example.org,001-723-520-7759x32448,North Wendy,United States of America,2023-12-08
63,Samantha Ross,shannonwilliams@example.org,(560)984-7086x753,Romanchester,Luxembourg,2025-09-09
64,Laura Taylor,jeffcooper@example.org,001-316-878-4251x405,Shannonmouth,Greenland,2024-08-02
65,Donald Hayes,donnajames@example.net,2379728351,Port Matthew,Madagascar,2024-04-18
66,Frank Scott,tfarmer@example.org,637-801-5637,Robertbury,Bolivia,2023-12-04
67,Kelly Delgado,amanda00@example.net,+1-693-490-5233x0970,Waltermouth,Gabon,2023-11-23
68,Brittany Owen,connermary@example.com,971-836-5955,Markmouth,Mozambique,2024-11-26
69,Rebecca Salas,tyronetodd@example.net,001-549-987-6103x5251,Tracyburgh,Madagascar,2024-05-19
70,Samantha Wu,mduffy@example.com,711-613-8530,Danielburgh,Wallis and Futuna,2025-07-13
71,Joshua Hubbard,chapmannicole@example.com,318.399.9894x8750,New Derekville,Eritrea,2025-08-29
72,Maria White,pwilliams@example.net,001-293-947-4147x5599,West Moniqueton,Swaziland,2025-08-29
73,Kathy Mcclure,erica94@example.org,517-406-3604x571,Perkinsmouth,Trinidad and Tobago,2025-10-06
74,April Odonnell,anthonysmith@example.com,761-881-2824x468,South Rileyview,Nepal,2024-05-23
75,Jennifer Walsh,sarahjohnson@example.com,602.761.9772,Nathanborough,Christmas Island,2023-12-13
76,Cody Stephens,julie04@example.org,(279)685-7360x0402,Tylermouth,Venezuela,2023-10-24
77,Hayden Gonzalez,peterclark@example.net,+1-933-674-3613,New Gloria,Hong Kong,2024-07-10
78,Mary Nguyen,washingtonelizabeth@example.net,001-636-706-4640x436,Leestad,Poland,2024-01-20
79,Christopher Howard,brittany34@example.net,(800)958-6467,Robinsonbury,Colombia,2023-12-17
80,John Cooper,markstephens@example.com,431.918.2808x29148,New Andrew,Afghanistan,2025-07-31
81,Justin Williams,ikeller@example.org,817-976-1651,Lawsonside,Liberia,2024-01-13
82,Whitney Hayes,paul57@example.org,521-912-6622,Kristinfort,New Zealand,2024-08-03
83,Michael Hinton,davidmanning@example.org,(766)441-1307,South Timothy,Niue,2025-10-09
84,William Robinson,iharrison@example.org,+1-622-219-6544x1440,North Jonberg,Spain,2024-09-28
85,Karen Clark,christinestone@example.com,001-708-722-2848,Richardsmouth,Sweden,2025-07-31
86,Keith Miller,evannewton@example.org,+1-253-733-8851x933,Cindymouth,Lesotho,2024-12-21
87,Steven Singh,mgonzales@example.org,001-213-414-8341x5018,Petersonburgh,Falkland Islands (Malvinas),2024-09-26
88,Sarah Taylor,umoore@example.net,629-685-8735x3532,Josephburgh,Israel,2024-05-25
89,Daniel Giles,jennifer49@example.com,001-736-429-9113x133,South Catherinestad,Luxembourg,2024-12-03
90,Richard Moreno,estradasteven@example.com,875-610-8997,South Jesusside,Brazil,2024-01-03
91,Antonio Lewis,macdonaldmichael@example.com,331-232-4934x52702,Lake Dianemouth,Bermuda,2024-02-26
92,Melissa Kim,victorsolis@example.org,001-511-767-7133,Emilytown,Switzerland,2024-05-13
93,Lauren Pace,gwendolynpearson@example.org,313-510-8987x732,Lake Kyle,Hungary,2024-03-09
94,Erica Cooper,wgraham@example.com,744-848-0849,Julieshire,Zambia,2024-02-25
95,Molly Erickson,jennifer74@example.org,932-788-7829x66559,Jenniferville,Fiji,2024-12-18
96,Carla Harris,vegajessica@example.com,7364573535,Claireland,Afghanistan,2025-05-10
97,Joel Pena,huffnicole@example.net,481.578.9499x8025,Lake Luisborough,Greenland,2025-01-15
98,Brittany Barnes,bthomas@example.net,+1-775-294-4566x9711,Lake Amber,Iceland,2024-03-05
99,Kristi Davis,randy52@example.org,(732)310-6030,Melissaland,Burkina Faso,2025-08-18
100,Peter Pacheco,amysmith@example.org,408-595-8084x87649,Lake Victorville,Japan,2024-07-22
